,Ticker,Date,Close,5D_MA_Close,10D_MA_Close,30D_MA_Close,60D_MA_Close,100D_MA_Close,200D_MA_Close,Signal 100,Signal 200
2,A,2025-01-14,143.43,139.45,137.13,137.52,135.46,137.74,137.47,FALSE,FALSE
3,AAPL,2025-01-14,233.28,237.89,242.43,246.49,237.75,232.84,215.77,FALSE,FALSE
4,ABBV,2025-01-14,175.55,177.1,178.02,177.04,181.03,185.97,177.18,TRUE,TRUE
5,ABNB,2025-01-14,127.6,129.63,131.38,133.79,134.93,130.46,138.81,TRUE,TRUE
6,ABT,2025-01-14,113.02,113.23,113.24,114.23,115.39,114.81,110,TRUE,FALSE
7,ACGL,2025-01-14,91.99,91.58,91.57,93.38,95.67,99.87,96.29,TRUE,TRUE
8,ACN,2025-01-14,348.99,352.41,352.03,357.34,358.54,353.79,331.33,TRUE,FALSE
9,ADBE,2025-01-14,412.71,413.87,426.26,468.59,484.06,504.11,505.86,TRUE,TRUE
10,ADI,2025-01-14,214.65,215.26,214.6,215.53,218.12,221.07,218.18,TRUE,TRUE
11,ADM,2025-01-14,51.19,50.73,50.42,51.31,52.58,55.17,57.66,TRUE,TRUE
12,ADP,2025-01-14,291.69,289.81,290.32,295.34,295.56,287.85,266.09,FALSE,FALSE
13,ADSK,2025-01-14,286.87,288.77,291.68,298.11,298.56,285.47,258.77,FALSE,FALSE
14,AEE,2025-01-14,89.4,88.69,88.69,89.75,89.46,87.35,80.08,FALSE,FALSE
15,AEP,2025-01-14,94.5,93.06,92.39,93.56,95.39,97.22,92.69,TRUE,FALSE
16,AES,2025-01-14,11.85,12.18,12.57,12.93,13.9,15.54,16.78,TRUE,TRUE
17,AFL,2025-01-14,103.65,102.71,102.73,104.26,107.15,108.17,98.37,TRUE,FALSE
18,AIG,2025-01-14,72.59,71.59,72.16,72.92,74.47,74.2,74.54,TRUE,TRUE
19,AIZ,2025-01-14,204.74,203.19,207.24,214.23,210.13,203.46,187.6,FALSE,FALSE
20,AJG,2025-01-14,289.11,285.44,282.82,288.17,290.01,289.5,273.16,TRUE,FALSE
21,AKAM,2025-01-14,90.58,91,92.86,95.89,96.48,98.02,97.27,TRUE,TRUE
22,ALB,2025-01-14,92.63,89.61,88.35,95.27,97.99,95.06,101.18,TRUE,TRUE
23,ALGN,2025-01-14,210.46,213.84,211.99,221.53,220.49,226.82,244.85,TRUE,TRUE
24,ALL,2025-01-14,186.81,185.64,188.28,194.21,193.9,191.05,178.53,TRUE,FALSE
25,ALLE,2025-01-14,129.75,128.01,128.96,134.44,138.66,139.76,131.86,TRUE,TRUE
26,AMAT,2025-01-14,173.65,174.19,170.86,170.87,176.1,183.29,198.52,TRUE,TRUE
27,AMCR,2025-01-14,9.52,9.5,9.44,9.76,10.11,10.46,10.04,TRUE,TRUE
28,AMD,2025-01-14,116.09,119.72,121.74,127.37,136.75,144.11,151.11,TRUE,TRUE
29,AME,2025-01-14,179.15,177.79,178.73,184.94,184.1,177.74,173.7,FALSE,FALSE
30,AMGN,2025-01-14,267.1,265.16,262.48,267.7,286.38,301.36,300.75,TRUE,TRUE
31,AMP,2025-01-14,526.67,524.7,528.31,541.67,540.89,508.28,465.61,FALSE,FALSE
32,AMT,2025-01-14,178.8,177.11,179.47,189.43,198.36,209.71,201.09,TRUE,TRUE
33,AMZN,2025-01-14,217.76,219.88,221.21,222.85,210.67,199.65,191.48,FALSE,FALSE
34,ANET,2025-01-14,114.91,114.54,114.06,110.7,105.02,99.89,89.16,FALSE,FALSE
35,ANSS,2025-01-14,339.58,338.78,338.22,341.62,338.31,330.7,327.51,FALSE,FALSE
36,AON,2025-01-14,362.65,353.55,354.23,362.99,368.62,360.05,330.5,FALSE,FALSE
37,AOS,2025-01-14,71.25,68.89,68.55,70.52,72.79,76.85,80.12,TRUE,TRUE
38,APA,2025-01-14,24.85,24.05,23.62,22.48,22.86,24,27.02,FALSE,TRUE
39,APD,2025-01-14,307.96,294.87,290,302.4,310.52,301.27,277.54,FALSE,FALSE
40,APH,2025-01-14,70.27,70.42,70.13,71.78,71.06,68.33,65.86,FALSE,FALSE
41,APO,2025-01-14,159.33,158.79,162.96,170.36,163.05,146.47,129.84,FALSE,FALSE
42,APTV,2025-01-14,61.47,60.81,60.68,58.79,59.32,63.7,68.98,TRUE,TRUE
43,ARE,2025-01-14,97.81,97.04,97.36,100.08,105.33,110,112.58,TRUE,TRUE
44,ATO,2025-01-14,140.72,138.43,138.4,140.55,141.87,139.04,128.3,FALSE,FALSE
45,AVB,2025-01-14,218.21,213.67,215.54,221.05,223.79,223.12,208.75,TRUE,FALSE
46,AVGO,2025-01-14,224.7,226.45,230.06,212.04,191.96,181.63,163.64,FALSE,FALSE
47,AVY,2025-01-14,189.31,187.31,186.73,192.99,198.8,205.89,211.43,TRUE,TRUE
48,AWK,2025-01-14,122.52,121.78,122.72,127.23,131.9,136.27,132.86,TRUE,TRUE
49,AXON,2025-01-14,579.8,571.57,582.48,622.64,572.46,499.45,403.07,FALSE,FALSE
50,AXP,2025-01-14,300.36,299.11,299.1,299.61,291.16,279.38,256.47,FALSE,FALSE
51,AZO,2025-01-14,3227.8,3256.4,3248.2,3260.66,3190.98,3163.49,3064.04,FALSE,FALSE
52,BA,2025-01-14,167.02,170.77,172,169.06,159.73,159.45,169.03,FALSE,TRUE
53,BAC,2025-01-14,45.78,45.65,45.06,45.3,44.72,42.68,40.59,FALSE,FALSE
54,BALL,2025-01-14,54.38,53.36,53.94,56.56,59.31,61.65,63.17,TRUE,TRUE
55,BAX,2025-01-14,30.62,29.94,29.59,30.39,32.48,34.56,35.17,TRUE,TRUE
56,BBY,2025-01-14,82.8,83.77,84.51,86.39,88.21,91.23,85.29,TRUE,TRUE
57,BDX,2025-01-14,235.8,234.45,231.13,226.39,228.87,231.55,231.89,FALSE,FALSE
58,BEN,2025-01-14,19.41,19.41,19.8,20.8,20.84,20.34,21.51,TRUE,TRUE
59,BG,2025-01-14,81.61,80,78.75,81.5,84.57,89.55,96.45,TRUE,TRUE
60,BIIB,2025-01-14,143.06,149.19,150.46,152.84,162.43,175.95,196.46,TRUE,TRUE
61,BK,2025-01-14,75.94,76.68,76.96,78.46,77.97,74.76,66.89,FALSE,FALSE
62,BKNG,2025-01-14,4778.81,4790.16,4864.9,5060.04,4920.25,4560,4130.27,FALSE,FALSE
63,BKR,2025-01-14,45.07,44,42.9,42.08,41.29,38.93,36.12,FALSE,FALSE
64,BLDR,2025-01-14,154.25,145.5,144.55,158.25,169.19,175.47,170,TRUE,TRUE
65,BLK,2025-01-14,963.17,968.14,994.42,1026.16,1017.97,976.66,883.48,TRUE,FALSE
66,BMY,2025-01-14,55.74,56.18,56.17,56.8,55.95,53.38,48.43,FALSE,FALSE
67,BR,2025-01-14,227.12,225.84,226.23,229.19,225.04,219.72,209.77,FALSE,FALSE
68,BRO,2025-01-14,103.63,102.35,101.88,104.44,106.45,105.32,97.68,TRUE,FALSE
69,BSX,2025-01-14,95.65,94.62,92.34,90.87,89.16,86.77,80.52,FALSE,FALSE
70,BWA,2025-01-14,31.86,31.66,31.67,32.83,33.46,33.62,33.62,TRUE,TRUE
71,BX,2025-01-14,169.32,169.05,171.42,178.85,178.11,165.85,145.53,FALSE,FALSE
72,BXP,2025-01-14,70.29,69.6,71.62,75.58,78.64,78.01,69.58,TRUE,FALSE
73,C,2025-01-14,73.5,72.92,71.91,71.3,68.75,65.61,63.25,FALSE,FALSE
74,CAG,2025-01-14,26.05,26.3,26.9,27.38,27.84,29.08,29.13,TRUE,TRUE
75,CAH,2025-01-14,124.03,122.08,120.25,119.51,117.81,115.02,107.4,FALSE,FALSE
76,CARR,2025-01-14,68.4,67.74,68.15,70.57,73.14,74.32,68.36,TRUE,FALSE
77,CAT,2025-01-14,371.57,361.83,362.27,375.59,383.05,375.89,358.62,TRUE,FALSE
78,CB,2025-01-14,265.51,264.08,268.37,275.05,280.42,282.25,269.92,TRUE,TRUE
79,CBOE,2025-01-14,193.37,192.17,193.56,198.95,203.69,205.8,193.33,TRUE,FALSE
80,CBRE,2025-01-14,124.91,126.11,128.59,132.79,132.34,127.07,110.34,TRUE,FALSE
81,CCI,2025-01-14,86.67,86.34,88,93.82,99.42,104.64,101.07,TRUE,TRUE
82,CCL,2025-01-14,24.51,24.14,24.42,25.4,24.33,21.73,18.83,FALSE,FALSE
83,CDNS,2025-01-14,294.19,298.02,300.21,305.29,295.83,285.05,288.31,FALSE,FALSE
84,CDW,2025-01-14,186.56,182.59,178.39,177.64,186.6,200.42,213.63,TRUE,TRUE
85,CE,2025-01-14,71,66.93,67.27,68.88,84.42,102.27,123.54,TRUE,TRUE
86,CEG,2025-01-14,288.87,274.55,258.21,245.04,247.04,238.75,218.71,FALSE,FALSE
87,CF,2025-01-14,94.99,91,88.85,88.19,86.61,84.99,80.22,FALSE,FALSE
88,CFG,2025-01-14,45.7,44.53,44.29,44.98,44.73,43.22,39.55,FALSE,FALSE
89,CHD,2025-01-14,105.28,102.99,103.44,105.85,105.78,104.57,104.15,FALSE,FALSE
90,CHRW,2025-01-14,102.84,103.17,103.34,105.73,106.51,105.53,94.27,TRUE,FALSE
91,CHTR,2025-01-14,346.29,343.19,345.92,365.43,366.17,353.29,324.61,TRUE,FALSE
92,CI,2025-01-14,285.03,281.14,279.19,291.74,307.26,324.86,331.54,TRUE,TRUE
93,CINF,2025-01-14,139.49,139,140.82,146.88,146.6,141.75,129.93,TRUE,FALSE
94,CL,2025-01-14,87.67,87.2,88.59,91.92,93.41,97.36,95.62,TRUE,TRUE
95,CLX,2025-01-14,159.03,158.88,160.05,163.55,163.36,162.11,149.2,TRUE,FALSE
96,CMCSA,2025-01-14,36.38,36.65,36.92,38.75,40.61,40.3,39.32,TRUE,TRUE
97,CME,2025-01-14,231.73,229.34,230.15,231.52,226,220.16,208.5,FALSE,FALSE
98,CMG,2025-01-14,56.44,57.02,58.39,61.57,60.4,58.86,59.18,TRUE,TRUE
99,CMI,2025-01-14,364.25,359.99,355.7,362.71,355.35,338.28,310.57,FALSE,FALSE
100,CMS,2025-01-14,65.56,65.53,65.95,66.79,67.93,68.3,64.35,TRUE,FALSE
101,CNC,2025-01-14,63.4,62.94,62.03,60.07,60.5,66.06,69.21,TRUE,TRUE
102,CNP,2025-01-14,31.86,31.34,31.44,31.79,30.98,29.89,29.21,FALSE,FALSE
103,COF,2025-01-14,184.72,180.47,180.13,182.35,178.17,165.3,152.37,FALSE,FALSE
104,COO,2025-01-14,89.11,91.05,91.41,95.25,99.43,102.08,97.31,TRUE,TRUE
105,COP,2025-01-14,104.88,102.86,101.17,100.81,104.56,105.96,110.96,TRUE,TRUE
106,COR,2025-01-14,240.05,236.88,231.66,234.17,237,234.42,232.33,FALSE,FALSE
107,COST,2025-01-14,917.23,925.52,921.52,957.23,935.1,917.67,859.59,TRUE,FALSE
108,CPAY,2025-01-14,358.42,352.82,346.42,353.92,354.94,338.77,311.09,FALSE,FALSE
109,CPB,2025-01-14,38.81,38.87,40.11,41.72,43.6,45.73,45.12,TRUE,TRUE
110,CPRT,2025-01-14,56.22,56.1,56.58,59.4,57.43,55.37,54.58,FALSE,FALSE
111,CPT,2025-01-14,112.52,110.94,113.07,116.81,117.89,119.24,111.91,TRUE,FALSE
112,CRL,2025-01-14,178.08,186.4,185.8,189.75,192.01,193.81,208.32,TRUE,TRUE
113,CRM,2025-01-14,323.54,322.46,327.64,340.51,326.39,302.45,282.24,FALSE,FALSE
114,CRWD,2025-01-14,348.04,351.4,352.12,357.66,342.44,316.61,317.82,FALSE,FALSE
115,CSCO,2025-01-14,59.33,58.99,58.89,58.71,57.74,55,50.7,FALSE,FALSE
116,CSGP,2025-01-14,69.61,70.09,70.82,74.04,74.87,75.55,78.44,TRUE,TRUE
117,CSX,2025-01-14,32.14,32.04,32.11,33.14,33.89,33.93,33.81,TRUE,TRUE
118,CTAS,2025-01-14,192.28,190.71,187.3,200.17,207.76,205.97,190.71,TRUE,FALSE
119,CTRA,2025-01-14,28.86,27.75,26.84,25.6,25.18,24.55,25.49,FALSE,FALSE
120,CTSH,2025-01-14,77.17,76.16,76.32,78.85,78.22,77.43,73.23,TRUE,FALSE
121,CTVA,2025-01-14,60.89,58.42,57.48,58.56,59.16,58.15,56.08,FALSE,FALSE
122,CVS,2025-01-14,51.57,48.58,46.75,49.32,53.14,55.69,57.82,TRUE,TRUE
123,CVX,2025-01-14,156.9,153.06,149.5,151.11,152.78,149.42,151.29,FALSE,FALSE
124,CZR,2025-01-14,33.19,32.34,32.64,34.89,37.78,38.74,38.02,TRUE,TRUE
125,D,2025-01-14,53.69,53.83,53.97,54.53,56.22,56.33,53.21,TRUE,FALSE
126,DAL,2025-01-14,66.29,64.19,62.03,62.2,61.13,55.22,51.07,FALSE,FALSE
127,DAY,2025-01-14,70.5,70.51,71.53,75.24,74.41,68.3,62.02,FALSE,FALSE
128,DD,2025-01-14,75.28,74.39,74.96,78.56,80.9,81.93,79.85,TRUE,TRUE
129,DE,2025-01-14,432.31,418.81,419.92,433.98,422.19,411.41,394.34,FALSE,FALSE
130,DECK,2025-01-14,206.14,206.17,206,205.19,188.32,175.51,164.17,FALSE,FALSE
131,DELL,2025-01-14,109.06,114.92,116.57,118.95,125.11,121.24,124.37,TRUE,TRUE
132,DFS,2025-01-14,180.84,175.93,175.48,175.83,169.71,156.61,141.61,FALSE,FALSE
133,DG,2025-01-14,69.38,71.62,73.28,75.74,76.72,81.4,106.36,TRUE,TRUE
134,DGX,2025-01-14,152.98,153.29,152.34,154.84,156.26,154.76,146.74,TRUE,FALSE
135,DHI,2025-01-14,143.16,139.16,139.21,147.44,159.17,170.83,161.92,TRUE,TRUE
136,DHR,2025-01-14,237.62,237.95,235.18,233.69,239.38,251.77,253.1,TRUE,TRUE
137,DIS,2025-01-14,108.12,109.2,110.12,112.57,107.57,101.23,101.4,FALSE,FALSE
138,DLR,2025-01-14,173.89,175.98,177.18,182.18,180.2,170.17,157.01,FALSE,FALSE
139,DLTR,2025-01-14,70.17,72.24,73.74,72.66,69.19,71.45,91.94,TRUE,TRUE
140,DOC,2025-01-14,20.14,20.01,20.09,20.62,21.31,21.56,20.38,TRUE,TRUE
141,DOV,2025-01-14,188.8,186.88,187,193.97,195.36,191.55,184.88,TRUE,FALSE
142,DOW,2025-01-14,40.08,39.32,39.48,40.77,43.87,47.09,50.44,TRUE,TRUE
143,DPZ,2025-01-14,416.08,410.43,419.01,438.59,436.7,428.37,455.94,TRUE,TRUE
144,DRI,2025-01-14,182.04,182.02,183.46,176.25,170.1,165.35,155.58,FALSE,FALSE
145,DTE,2025-01-14,119.43,119.61,120.17,120.55,121.54,122.48,116.85,TRUE,FALSE
146,DUK,2025-01-14,106.85,106.78,107.13,109.26,111.82,112.69,106.7,TRUE,FALSE
147,DVA,2025-01-14,162,155.82,153.26,154.93,155.72,156.69,147.72,FALSE,FALSE
148,DVN,2025-01-14,37.18,35.96,34.56,33.94,36.33,38.29,42.8,TRUE,TRUE
149,DXCM,2025-01-14,79.17,79.24,79.14,78.92,75.91,73.32,93.67,FALSE,TRUE
150,EA,2025-01-14,141.75,142.69,144.37,153.55,154.6,150.53,143.3,TRUE,TRUE
151,EBAY,2025-01-14,64.41,65.72,63.94,63.79,62.94,62.79,57.62,FALSE,FALSE
152,ECL,2025-01-14,233.9,232.62,232.62,240.5,244.83,247.14,240.03,TRUE,TRUE
153,ED,2025-01-14,89.37,88.6,88.8,91.62,95.91,98.41,95.23,TRUE,TRUE
154,EFX,2025-01-14,252.34,247.57,250.12,258.13,261.27,274.84,261.85,TRUE,TRUE
155,EG,2025-01-14,358.34,360.6,361.53,364.2,369.55,376.61,375.72,TRUE,TRUE
156,EIX,2025-01-14,58.43,65.52,72.12,78.11,80.72,82.08,77.23,TRUE,TRUE
157,EL,2025-01-14,73.87,74.03,73.9,76.31,74.94,81.42,99.6,TRUE,TRUE
158,ELV,2025-01-14,393.16,386.96,378.95,381.38,396.84,448.38,486.13,TRUE,TRUE
159,EMN,2025-01-14,91.97,89,89.3,94.25,98.71,100.85,98.7,TRUE,TRUE
160,EMR,2025-01-14,119.79,119.44,121.31,126.42,123.14,116.03,112.75,FALSE,FALSE
161,ENPH,2025-01-14,65.45,68.45,69.6,71.5,73.35,88.56,101.23,TRUE,TRUE
162,EOG,2025-01-14,135.77,131.54,127.85,126.12,127.45,126.49,126.29,FALSE,FALSE
163,EPAM,2025-01-14,226.8,227.04,229.46,239.56,228.51,216.75,213,FALSE,FALSE
164,EQIX,2025-01-14,898.09,917.74,931.17,948.84,928.9,899.12,831.14,TRUE,FALSE
165,EQR,2025-01-14,69.92,68.22,69.2,71.21,72.25,72.82,68.99,TRUE,FALSE
166,EQT,2025-01-14,50.69,49.38,48.16,45.55,43.06,39.64,38.33,FALSE,FALSE
167,ERIE,2025-01-14,399.78,396.24,402.73,412.85,423.31,460.11,424.11,TRUE,TRUE
168,ES,2025-01-14,55.98,56.05,56.59,58.13,60.46,62.44,60.65,TRUE,TRUE
169,ESS,2025-01-14,284.46,276.4,278.19,287.66,291.82,292.81,276.08,TRUE,FALSE
170,ETN,2025-01-14,340.14,342.3,339.88,350.14,352.63,337.46,325.75,FALSE,FALSE
171,ETR,2025-01-14,77.56,76.68,76.23,75.61,73.64,69.12,61.2,FALSE,FALSE
172,EVRG,2025-01-14,61.21,60.65,60.98,61.79,61.76,60.95,56.98,FALSE,FALSE
173,EW,2025-01-14,71.04,72.67,73.16,73.29,70.96,69.66,76.94,FALSE,TRUE
174,EXC,2025-01-14,37.92,37.7,37.73,37.52,38.27,38.58,37.25,TRUE,FALSE
175,EXPD,2025-01-14,111.24,111.04,110.92,115.02,117.21,119.4,119.16,TRUE,TRUE
176,EXPE,2025-01-14,183.19,181.93,183.89,185.21,178.21,163.8,144.4,FALSE,FALSE
177,EXR,2025-01-14,148.83,147.89,148.37,153.55,159.07,164.81,156.38,TRUE,TRUE
178,F,2025-01-14,9.78,9.73,9.79,10.14,10.51,10.56,11.2,TRUE,TRUE
179,FANG,2025-01-14,177.68,174.69,170.57,165.95,172.84,177.18,186.22,FALSE,TRUE
180,FAST,2025-01-14,73.74,72.7,72.21,76.31,78.28,74.89,70.71,TRUE,FALSE
181,FCX,2025-01-14,39.5,39.27,38.68,40.44,43,44.08,46.24,TRUE,TRUE
182,FDS,2025-01-14,454.17,456.24,466.17,479.33,476.2,462.84,440.95,TRUE,FALSE
183,FDX,2025-01-14,277.62,274.57,275.74,278.91,280.56,279.27,274.73,TRUE,FALSE
184,FE,2025-01-14,39.17,39.23,39.46,40.09,41.09,41.95,40.28,TRUE,TRUE
185,FFIV,2025-01-14,258.11,256.74,255.35,255.79,245.29,231.69,204.82,FALSE,FALSE
186,FI,2025-01-14,204.47,203.11,204.74,206.64,207.41,195.73,174.77,FALSE,FALSE
187,FICO,2025-01-14,1949.53,1935.74,1961.35,2117.25,2140.65,2033.05,1722.43,TRUE,FALSE
188,FIS,2025-01-14,78.35,78.52,79.34,82.05,84.96,84.25,79.11,TRUE,TRUE
189,FITB,2025-01-14,42.89,42.2,42.31,43.99,44.59,43.45,40.11,TRUE,FALSE
190,FMC,2025-01-14,53.51,51.32,50,52.2,55.85,58.43,58.24,TRUE,TRUE
191,FOX,2025-01-14,46.54,46.35,46.36,45.61,43.43,41.22,36.41,FALSE,FALSE
192,FOXA,2025-01-14,48.82,48.68,48.88,48.16,46.21,44.14,39.11,FALSE,FALSE
193,FRT,2025-01-14,103.97,103.66,106.41,110.13,111.36,111.72,106.43,TRUE,TRUE
194,FSLR,2025-01-14,185.35,189.41,186.55,191.14,193.24,207.33,212.82,TRUE,TRUE
195,FTNT,2025-01-14,92.49,94.57,95.26,96.39,91.63,85.85,74.07,FALSE,FALSE
196,FTV,2025-01-14,77.35,76.42,75.9,76.54,75.9,75.59,75.34,FALSE,FALSE
197,GD,2025-01-14,265.12,261.86,261.85,266.47,281.89,288.52,288.8,TRUE,TRUE
198,GDDY,2025-01-14,197.48,195.31,197.2,202.24,189.32,176.87,157.43,FALSE,FALSE
199,GE,2025-01-14,176.86,173.06,171.32,171.06,175.39,176.88,168.68,TRUE,FALSE
200,GEHC,2025-01-14,84.13,84.78,82.13,81.22,83.59,85.53,83.5,TRUE,FALSE
201,GEN,2025-01-14,27.14,27,27.21,28.74,28.74,27.88,25.66,TRUE,FALSE
202,GEV,2025-01-14,382.26,370.23,357.47,343.63,329.1,289.55,225.82,FALSE,FALSE
203,GILD,2025-01-14,91,90.12,90.95,91.75,90.61,86.79,77.08,FALSE,FALSE
204,GIS,2025-01-14,58.78,59.45,61.02,63.37,64.62,67.47,66.76,TRUE,TRUE
205,GL,2025-01-14,114.03,113,112.05,108.66,108.56,107,95.97,FALSE,FALSE
206,GLW,2025-01-14,47.43,47.34,47.41,47.96,47.66,45.9,41.3,FALSE,FALSE
207,GM,2025-01-14,50.94,50.74,51.73,52.45,53.28,50.81,47.9,FALSE,FALSE
208,GNRC,2025-01-14,160.5,159.45,158.3,165.71,171.91,164.78,153.28,TRUE,FALSE
209,GOOG,2025-01-14,191.05,193.72,193.35,189.13,180.78,173.44,172.39,FALSE,FALSE
210,GOOGL,2025-01-14,189.66,192.43,192.08,187.68,179.26,171.99,170.88,FALSE,FALSE
211,GPC,2025-01-14,117.02,116.52,116.55,119.44,120.58,127.32,134.99,TRUE,TRUE
212,GPN,2025-01-14,108.1,108.86,110.47,113.36,111.21,108.94,107.57,TRUE,FALSE
213,GRMN,2025-01-14,212.27,209.96,208.31,211.41,203.04,191.27,175.62,FALSE,FALSE
214,GS,2025-01-14,571.53,570.92,573.93,581.17,569.18,538.89,494.25,FALSE,FALSE
215,GWW,2025-01-14,1087.88,1069.59,1060.99,1112.88,1132.59,1083.75,1011.65,FALSE,FALSE
216,HAL,2025-01-14,28.2,27.55,27.5,28.12,28.71,29.08,32.07,TRUE,TRUE
217,HAS,2025-01-14,56.62,57.06,56.7,60.13,62.48,65.18,61.94,TRUE,TRUE
218,HBAN,2025-01-14,16.59,16.36,16.36,16.74,16.63,15.76,14.51,FALSE,FALSE
219,HCA,2025-01-14,305.79,307.25,302.62,309.09,333.89,357.84,343.98,TRUE,TRUE
220,HD,2025-01-14,392.78,388.66,388.87,404.39,404.08,397,369.14,TRUE,FALSE
221,HES,2025-01-14,146.68,142.47,138.38,137.87,139.47,137.29,142.92,FALSE,FALSE
222,HIG,2025-01-14,109.39,108.32,108.75,112.12,114.44,114.83,107.94,TRUE,FALSE
223,HII,2025-01-14,197.43,192.26,190.11,191.45,203.34,227.46,242.36,TRUE,TRUE
224,HLT,2025-01-14,244.97,242.36,244.24,249.37,246.56,237.57,222.88,FALSE,FALSE
225,HOLX,2025-01-14,70.2,71.52,72.07,73.69,76.85,78.46,77.48,TRUE,TRUE
226,HON,2025-01-14,218.5,219.32,222.29,226.74,223.09,215.85,208.6,FALSE,FALSE
227,HPE,2025-01-14,22.54,22.18,21.98,21.78,21.24,20.34,19.43,FALSE,FALSE
228,HPQ,2025-01-14,32.67,33.12,33.03,34,35.32,35.16,33.78,TRUE,TRUE
229,HRL,2025-01-14,30.01,30.01,30.46,31.48,30.97,31.06,31.55,TRUE,TRUE
230,HSIC,2025-01-14,71.27,70.87,70.21,72.34,71.86,71.32,70.54,TRUE,FALSE
231,HST,2025-01-14,17.28,17.11,17.25,17.84,17.65,17.45,17.51,TRUE,TRUE
232,HSY,2025-01-14,155.31,159.71,164.11,172.51,174.83,181.81,185.92,TRUE,TRUE
233,HUBB,2025-01-14,428.21,427.54,426.73,439.71,444.17,430.86,406.71,TRUE,FALSE
234,HUM,2025-01-14,282.63,274.87,266.09,267.1,270.78,286.06,316.66,TRUE,TRUE
235,HWM,2025-01-14,119.19,114.66,112.9,113.77,111.4,106.06,92.59,FALSE,FALSE
236,IBM,2025-01-14,217.75,220.41,220.74,225.74,220.74,217.68,196.4,FALSE,FALSE
237,ICE,2025-01-14,145.25,144.99,146.91,151.68,155.66,157.56,148.15,TRUE,TRUE
238,IDXX,2025-01-14,418.63,423.78,419.86,424.37,428.57,452.79,473.52,TRUE,TRUE
239,IEX,2025-01-14,214.54,209.48,208.79,217.61,219.15,213.7,212.05,FALSE,FALSE
240,IFF,2025-01-14,83.67,82.59,82.92,85.81,90.36,95.13,93.84,TRUE,TRUE
241,INCY,2025-01-14,71.93,72.23,70.97,71.09,72.26,69.41,64.19,FALSE,FALSE
242,INTC,2025-01-14,19.2,19.49,19.8,20.49,22.11,21.86,26.43,TRUE,TRUE
243,INTU,2025-01-14,623.8,619.97,623.16,640.41,641.15,635.11,630.2,TRUE,TRUE
244,INVH,2025-01-14,30.93,30.76,31.21,32.21,32.73,33.64,33.95,TRUE,TRUE
245,IP,2025-01-14,55.42,54.34,53.87,55.12,54.66,51.94,46.64,FALSE,FALSE
246,IPG,2025-01-14,27.3,27.2,27.6,28.81,29.12,29.87,29.82,TRUE,TRUE
247,IQV,2025-01-14,197.96,202.57,199.86,199.66,205.69,218.97,223.87,TRUE,TRUE
248,IR,2025-01-14,89.4,88.6,89.82,95.71,98.16,96.66,94.59,TRUE,TRUE
249,IRM,2025-01-14,104.04,102.2,103.37,108.84,114.61,114.82,100.77,TRUE,FALSE
250,ISRG,2025-01-14,538.88,540.4,535.26,537.73,530.86,512.26,464.62,FALSE,FALSE
251,IT,2025-01-14,499.8,493.77,489.98,499.42,512.03,508.57,480.99,TRUE,FALSE
252,ITW,2025-01-14,252.97,248.75,250.33,261.41,263.08,258.48,250.02,TRUE,FALSE
253,IVZ,2025-01-14,16.58,16.73,17.14,17.62,17.67,17.34,16.29,TRUE,FALSE
254,J,2025-01-14,135.15,133.35,133.35,135.46,138.47,134.14,126.39,FALSE,FALSE
255,JBHT,2025-01-14,181.62,177.89,175.39,177.43,180.23,176.36,171.29,FALSE,FALSE
256,JBL,2025-01-14,155.97,154.01,150.22,142.37,135.62,126.51,121.54,FALSE,FALSE
257,JCI,2025-01-14,80.21,79.48,79.36,81.25,80.85,77.88,72.52,FALSE,FALSE
258,JKHY,2025-01-14,172.37,172.48,172.91,175.27,176.85,176.1,170.54,TRUE,FALSE
259,JNJ,2025-01-14,144.75,143.96,143.96,146.47,151.64,155.8,152.13,TRUE,TRUE
260,JNPR,2025-01-14,38.51,38.43,38.06,37.33,37.56,37.95,36.87,FALSE,FALSE
261,JPM,2025-01-14,247.47,243.57,241.61,240.79,236.9,226.77,211.98,FALSE,FALSE
262,K,2025-01-14,81.43,81.47,81.26,80.87,80.59,80.31,69.98,FALSE,FALSE
263,KDP,2025-01-14,31.14,30.82,31.19,32.12,32.7,34.21,33.49,TRUE,TRUE
264,KEY,2025-01-14,17.48,17.1,17.14,17.74,17.94,17.34,15.87,FALSE,FALSE
265,KEYS,2025-01-14,164.26,163.54,162.94,165.84,162.35,158.78,150.48,FALSE,FALSE
266,KHC,2025-01-14,28.71,29.09,29.79,30.63,31.71,32.92,33.41,TRUE,TRUE
267,KIM,2025-01-14,22.01,21.95,22.49,23.71,24.02,23.61,21.35,TRUE,FALSE
268,KKR,2025-01-14,143.65,144.14,146.89,151.3,149.33,140.35,123.03,FALSE,FALSE
269,KLAC,2025-01-14,701.26,690.16,669.85,655.44,656.04,700.14,728.14,FALSE,TRUE
270,KMB,2025-01-14,126.18,126.03,127.83,131.36,133.19,136.6,134.83,TRUE,TRUE
271,KMI,2025-01-14,29.12,28.38,28.09,27.43,26.76,24.83,22,FALSE,FALSE
272,KMX,2025-01-14,79.57,79.49,80.23,83.27,79.74,79.03,76.77,FALSE,FALSE
273,KO,2025-01-14,62.04,61.46,61.6,62.47,63.56,66.25,64.27,TRUE,TRUE
274,KR,2025-01-14,59.92,59.31,60.3,60.8,59.29,57.32,55.15,FALSE,FALSE
275,KVUE,2025-01-14,21.03,21,21.11,21.99,22.55,22.43,20.68,TRUE,FALSE
276,L,2025-01-14,83.43,82.62,83.31,84.13,83.18,81.64,78.96,FALSE,FALSE
277,LDOS,2025-01-14,152.76,149.58,147.38,151.76,163.63,161.6,151.61,TRUE,FALSE
278,LEN,2025-01-14,135.18,132.6,134.09,147.72,160.2,169.16,164.27,TRUE,TRUE
279,LH,2025-01-14,234.5,234,231.54,232.26,232.14,228.02,217.16,FALSE,FALSE
280,LHX,2025-01-14,214.89,209.45,208.79,219.91,234.15,234.16,226.31,TRUE,TRUE
281,LII,2025-01-14,627.71,618.63,614.25,636.07,628.08,612.41,562.81,FALSE,FALSE
282,LIN,2025-01-14,427.29,419.57,417.47,431,446.38,455.67,447.24,TRUE,TRUE
283,LKQ,2025-01-14,37.29,36.58,36.54,37.52,37.74,38.61,40.76,TRUE,TRUE
284,LLY,2025-01-14,744.91,780.56,777.38,788.4,805.14,850.62,837.76,TRUE,TRUE
285,LMT,2025-01-14,484.46,473.7,476.79,492.84,521.83,543.48,508.2,TRUE,TRUE
286,LNT,2025-01-14,57.79,57.4,57.96,59.57,60.03,59.63,55.33,TRUE,FALSE
287,LOW,2025-01-14,251.19,248.24,247.99,256.93,262.95,261.2,244.76,TRUE,FALSE
288,LRCX,2025-01-14,75.06,75.74,74.86,75.3,74.67,76.46,85.36,TRUE,TRUE
289,LULU,2025-01-14,388.74,393.89,388.17,379.79,345.11,313.67,312.24,FALSE,FALSE
290,LUV,2025-01-14,33.13,32.93,33.27,33.29,32.22,31.02,29.05,FALSE,FALSE
291,LVS,2025-01-14,45,47.55,49.1,51.86,51.34,48.63,46.34,TRUE,TRUE
292,LW,2025-01-14,59.82,60.79,63.04,70.27,73.9,70.38,74.38,TRUE,TRUE
293,LYB,2025-01-14,75.31,73.97,73.67,75.49,79.92,85.38,90,TRUE,TRUE
294,LYV,2025-01-14,131.28,130.07,129.88,133.33,129.09,118.92,106.73,FALSE,FALSE
295,MA,2025-01-14,509.02,508.98,514.89,523.72,519.83,507.22,479.53,FALSE,FALSE
296,MAA,2025-01-14,151.37,149.47,151.23,155.16,155.79,156.58,146,TRUE,FALSE
297,MAR,2025-01-14,276.43,272.56,274.44,282.78,277.69,262.83,249.28,FALSE,FALSE
298,MAS,2025-01-14,75.86,73.15,72.77,75.99,78.23,79.32,74.99,TRUE,FALSE
299,MCD,2025-01-14,281.58,284.75,288.27,293,294.44,294.56,277.48,TRUE,FALSE
300,MCHP,2025-01-14,56.88,56.37,56.91,59.24,65.23,70.12,79.16,TRUE,TRUE
301,MCK,2025-01-14,593.73,587.21,580.08,585.76,575.02,551.05,557.69,FALSE,FALSE
302,MCO,2025-01-14,462.58,461.87,468.14,480.18,476.42,476.96,445.84,TRUE,FALSE
303,MDLZ,2025-01-14,57.1,57.22,58.25,60.29,63.55,66.97,67.01,TRUE,TRUE
304,MDT,2025-01-14,85.25,82.05,81.08,82.26,85.41,86.75,83.5,TRUE,FALSE
305,MET,2025-01-14,83.83,82.19,82.03,82.71,82.82,81.22,75.96,FALSE,FALSE
306,META,2025-01-14,594.25,609.41,605.79,607.63,590.08,573.39,531.65,FALSE,FALSE
307,MGM,2025-01-14,33.1,32.64,33.39,35.1,36.76,37.25,39.48,TRUE,TRUE
308,MHK,2025-01-14,125.58,120.42,119.08,124.43,133.42,142.11,132.84,TRUE,TRUE
309,MKC,2025-01-14,71.89,72.67,74.09,77.09,77.07,78.6,75.5,TRUE,TRUE
310,MKTX,2025-01-14,216.63,217.56,221.33,233.11,254.78,255.78,233.09,TRUE,TRUE
311,MLM,2025-01-14,517.68,513.1,514.68,543.1,565.97,551.6,559.96,TRUE,TRUE
312,MMC,2025-01-14,213.37,211.06,211.08,216.05,219.91,222.08,215.36,TRUE,TRUE
313,MMM,2025-01-14,137.21,134.06,131.84,130.79,130.28,131.31,116.69,FALSE,FALSE
314,MNST,2025-01-14,50.1,50.6,51.46,52.33,53.16,51.93,51.86,TRUE,TRUE
315,MO,2025-01-14,51.36,51.21,51.81,53.29,52.88,51.83,47.83,TRUE,FALSE
316,MOH,2025-01-14,294.03,294.01,293.05,296.71,302.47,317.92,325.15,TRUE,TRUE
317,MOS,2025-01-14,27.14,25.74,25.22,25.43,25.92,26.06,27.48,FALSE,TRUE
318,MPC,2025-01-14,149.42,144.49,142.23,143.58,148.58,155.27,166.86,TRUE,TRUE
319,MPWR,2025-01-14,589.86,602.85,605.36,601.75,667.72,761.24,760.46,TRUE,TRUE
320,MRK,2025-01-14,99.65,100.15,99.66,100.07,100.65,105.7,114.7,TRUE,TRUE
321,MRNA,2025-01-14,34.46,40.51,41.03,41.47,44.6,54.3,86.72,TRUE,TRUE
322,MS,2025-01-14,124.62,125.36,125.76,126.91,126.18,116.68,106.08,FALSE,FALSE
323,MSCI,2025-01-14,585.8,587.12,593.05,606.85,598.96,589.13,546.16,TRUE,FALSE
324,MSFT,2025-01-14,415.67,419.75,421.49,433.99,426.83,423.84,423.88,TRUE,TRUE
325,MSI,2025-01-14,460.84,458.15,459.41,471.33,474.38,462.24,417.42,TRUE,FALSE
326,MTB,2025-01-14,195.02,191.42,190.72,197.45,200.95,189.5,169.27,FALSE,FALSE
327,MTCH,2025-01-14,31.69,31.59,32.13,32.26,33.15,34.55,33.39,TRUE,TRUE
328,MTD,2025-01-14,1271.36,1250.21,1240.6,1247.95,1266.71,1331.37,1354.01,TRUE,TRUE
329,MU,2025-01-14,97.36,98.62,93.9,96.57,100.45,99.07,109.89,TRUE,TRUE
330,NCLH,2025-01-14,26,25.77,25.73,26.38,26.02,23.5,20.56,FALSE,FALSE
331,NDAQ,2025-01-14,76.25,76.54,76.99,78.9,78.11,75.69,68.7,FALSE,FALSE
332,NDSN,2025-01-14,207.41,203.78,205.49,224.02,238.94,244.74,244.88,TRUE,TRUE
333,NEE,2025-01-14,67.98,68.68,70.17,72.58,75.38,77.91,74.53,TRUE,TRUE
334,NEM,2025-01-14,40.16,39.14,38.42,39.49,42.86,46.84,44.69,TRUE,TRUE
335,NFLX,2025-01-14,828.4,852.11,870.19,899.21,850.3,790.17,711.71,FALSE,FALSE
336,NI,2025-01-14,36.73,36.26,36.31,36.57,36.21,35.14,31.87,FALSE,FALSE
337,NKE,2025-01-14,71.17,71.57,72.71,76.03,76.66,78.97,82.21,TRUE,TRUE
338,NOC,2025-01-14,475.5,464.23,464.8,473.03,490.54,502.99,479.32,TRUE,TRUE
339,NOW,2025-01-14,1031.29,1034.97,1050.78,1084.85,1036.78,974.66,863.99,FALSE,FALSE
340,NRG,2025-01-14,99.79,98.33,96.4,95.51,93.44,90.15,83.25,FALSE,FALSE
341,NSC,2025-01-14,239.24,237.04,236.08,245.35,252.83,250.69,240.21,TRUE,TRUE
342,NTAP,2025-01-14,116.69,116.63,116.5,120.16,120.44,121.06,118.56,TRUE,TRUE
343,NTRS,2025-01-14,101.63,101.28,102.11,104.49,103.95,98.05,90.55,FALSE,FALSE
344,NUE,2025-01-14,121.75,120.45,118.48,127.38,138.4,141.63,153.4,TRUE,TRUE
345,NVDA,2025-01-14,131.76,136.23,138.51,137.77,139.71,132.34,119.76,TRUE,FALSE
346,NVR,2025-01-14,8143.64,7970.76,8025.83,8451.03,8849.11,9071.26,8476.53,TRUE,TRUE
347,NWS,2025-01-14,30.41,30.29,30.33,31.2,30.72,29.59,28.35,FALSE,FALSE
348,NWSA,2025-01-14,27.55,27.41,27.45,28.3,28.15,27.55,26.92,FALSE,FALSE
349,NXPI,2025-01-14,210.63,209.3,209.03,215.34,223.48,228.97,242.97,TRUE,TRUE
350,O,2025-01-14,53.15,52.46,52.65,53.88,56.24,58.19,55.65,TRUE,TRUE
351,ODFL,2025-01-14,183.62,180.18,179.39,192.61,202.05,199.19,194.74,TRUE,TRUE
352,OKE,2025-01-14,106.04,103.25,102.37,103.79,103.67,98.79,89.08,FALSE,FALSE
353,OMC,2025-01-14,84.76,83.75,84.81,90.31,95.93,97.46,94.32,TRUE,TRUE
354,ON,2025-01-14,55.18,57.21,60.27,64.93,67.29,69.07,70.19,TRUE,TRUE
355,ORCL,2025-01-14,156.31,157.82,161.87,171.56,176.01,169.02,148.67,TRUE,FALSE
356,ORLY,2025-01-14,1204.33,1203.51,1198.56,1226.55,1215.98,1186.72,1120.03,FALSE,FALSE
357,OTIS,2025-01-14,91.78,91.52,92.02,95.67,98.29,98,96.54,TRUE,TRUE
358,OXY,2025-01-14,52.08,51.76,50.78,48.93,49.78,51.15,56.56,FALSE,TRUE
359,PANW,2025-01-14,170.58,172.03,176.98,188.94,189.4,183.27,169.16,TRUE,FALSE
360,PARA,2025-01-14,10.67,10.68,10.64,10.77,10.76,10.64,11,FALSE,TRUE
361,PAYC,2025-01-14,203.26,201.51,202.93,217.67,211.21,192.74,178.98,FALSE,FALSE
362,PAYX,2025-01-14,141.71,140.16,139.52,140.89,141.83,138.52,129.52,FALSE,FALSE
363,PCAR,2025-01-14,110.2,108.6,106.62,108.56,107.91,102.9,102.79,FALSE,FALSE
364,PCG,2025-01-14,16.22,17.77,18.94,19.7,20.19,19.99,18.84,TRUE,TRUE
365,PEG,2025-01-14,85.06,84.82,85.01,86.45,87.38,86.25,79.06,TRUE,FALSE
366,PEP,2025-01-14,144.95,144.81,147.39,153.57,159.09,164.26,166.19,TRUE,TRUE
367,PFE,2025-01-14,26.41,26.78,26.7,26.18,26.56,27.41,27.34,TRUE,TRUE
368,PFG,2025-01-14,78.84,77.92,77.74,79.44,82.41,82.49,80.8,TRUE,TRUE
369,PG,2025-01-14,159.74,160.11,162.7,168.88,169.07,169.99,166.46,TRUE,TRUE
370,PGR,2025-01-14,239.76,237.57,236.68,242.13,245.57,245.98,227.12,TRUE,FALSE
371,PH,2025-01-14,647.01,638.35,637.28,661.09,664.41,641.69,588.84,FALSE,FALSE
372,PHM,2025-01-14,112.5,109.48,109.18,116.56,124.54,129.59,122.61,TRUE,TRUE
373,PKG,2025-01-14,232.65,229.11,227.38,232.78,232.91,223.48,202.98,FALSE,FALSE
374,PLD,2025-01-14,108.12,105.83,105.65,108.21,111.7,116.78,114.58,TRUE,TRUE
375,PLTR,2025-01-14,65.91,67.27,72.02,73.62,63.4,52.49,38.51,FALSE,FALSE
376,PM,2025-01-14,118.47,119.29,120.09,123.8,125.51,123.23,111.36,TRUE,FALSE
377,PNC,2025-01-14,195.71,193.32,193.46,198.67,198.7,191.44,174.82,FALSE,FALSE
378,PNR,2025-01-14,100.28,98.81,99.6,103.78,103.22,98.76,89.72,FALSE,FALSE
379,PNW,2025-01-14,83.24,82.87,83.56,86.72,88.13,87.83,82.14,TRUE,FALSE
380,PODD,2025-01-14,267.04,268.57,265.89,266.14,257.98,243.79,214.59,FALSE,FALSE
381,POOL,2025-01-14,339.68,330.65,333.62,353.32,359.09,358.96,354.95,TRUE,TRUE
382,PPG,2025-01-14,116.53,115.21,115.94,120.84,122.78,124.59,126.48,TRUE,TRUE
383,PPL,2025-01-14,31.98,31.91,32.06,32.61,32.77,32.42,30.18,TRUE,FALSE
384,PRU,2025-01-14,117.61,117.21,117.88,120.43,122.45,120.78,117.15,TRUE,FALSE
385,PSA,2025-01-14,289.98,292.57,295.1,309.63,321.51,331.28,305.37,TRUE,TRUE
386,PSX,2025-01-14,117.27,115.72,115.02,119.45,123.65,126.67,134.19,TRUE,TRUE
387,PTC,2025-01-14,185.5,183.55,183.77,191.45,190.7,184.96,181.59,FALSE,FALSE
388,PWR,2025-01-14,319.89,315.92,318.45,327.41,324.42,307.88,284.89,FALSE,FALSE
389,PYPL,2025-01-14,87.18,86.09,86.45,87.76,85.32,81.22,72.15,FALSE,FALSE
390,QCOM,2025-01-14,159.53,158.65,157.28,157.87,161.26,163.79,174.08,TRUE,TRUE
391,RCL,2025-01-14,229.73,227.29,228.63,237.7,228.7,206.24,177.23,FALSE,FALSE
392,REG,2025-01-14,70.66,70.11,71.42,73.18,72.82,72.17,66.51,TRUE,FALSE
393,REGN,2025-01-14,690.87,713.71,713.31,731.85,787.45,913.72,963.43,TRUE,TRUE
394,RF,2025-01-14,24,23.67,23.62,24.57,24.77,23.88,21.72,FALSE,FALSE
395,RJF,2025-01-14,156.72,156.7,156.58,158.73,156.06,142.16,130.68,FALSE,FALSE
396,RL,2025-01-14,237.53,239.39,236.92,231.38,218.96,204.72,187.09,FALSE,FALSE
397,RMD,2025-01-14,228.83,233.1,231.89,237.22,240.18,240.38,222.11,TRUE,FALSE
398,ROK,2025-01-14,276.98,277.36,280.34,289.41,282.95,275.26,270.78,FALSE,FALSE
399,ROL,2025-01-14,46.85,46.3,46.21,47.63,48.41,49.02,47.88,TRUE,TRUE
400,ROP,2025-01-14,510.69,507.76,511.16,532.6,542.95,545.7,542.98,TRUE,TRUE
401,ROST,2025-01-14,149.12,151.64,152.28,152.61,148,148.58,144.07,FALSE,FALSE
402,RSG,2025-01-14,207,206.1,203.38,206.98,206.99,205.37,198.13,FALSE,FALSE
403,RTX,2025-01-14,119.47,116.61,116,116.95,119.25,119.76,112.01,TRUE,FALSE
404,RVTY,2025-01-14,120.73,118.07,115.44,114.93,116.31,118.61,113.78,FALSE,FALSE
405,SBAC,2025-01-14,195.02,195.67,198.66,208.2,218.26,225.18,212.87,TRUE,TRUE
406,SBUX,2025-01-14,93.07,92.85,92.4,94.47,96.2,95.65,87.47,TRUE,FALSE
407,SCHW,2025-01-14,72.34,72.61,73.37,76.95,76.22,71.54,71.17,FALSE,FALSE
408,SHW,2025-01-14,341.64,335.97,336.61,357.08,366.98,369.07,342.8,TRUE,TRUE
409,SJM,2025-01-14,101.91,103.58,106.99,111.57,112.81,114.83,113.44,TRUE,TRUE
410,SLB,2025-01-14,39.87,39.3,38.84,39.66,40.97,41.59,44.23,TRUE,TRUE
411,SMCI,2025-01-14,30.53,32.24,32.22,35.2,34.05,38.83,59.84,TRUE,TRUE
412,SNA,2025-01-14,340.31,336.9,336.97,347.67,345.96,320.43,294.98,FALSE,FALSE
413,SNPS,2025-01-14,490.36,491.99,490.96,508.8,520.42,515.02,539.64,TRUE,TRUE
414,SO,2025-01-14,82.05,81.87,81.94,83.38,86.21,87.02,81.94,TRUE,FALSE
415,SOLV,2025-01-14,70.19,68.83,67.78,68.58,70.11,68.92,63.5,FALSE,FALSE
416,SPG,2025-01-14,173.57,173.24,173.33,175.77,175.16,170.87,157.86,FALSE,FALSE
417,SPGI,2025-01-14,484.47,487.4,492.23,502.62,502.55,507.22,476.32,TRUE,FALSE
418,SRE,2025-01-14,78.11,80.17,83.52,86.94,87.45,85.13,79.53,TRUE,TRUE
419,STE,2025-01-14,207.57,207.32,205.78,210.19,215.42,223.57,221.93,TRUE,TRUE
420,STLD,2025-01-14,123.52,119.88,117.05,124.02,131.24,126.76,127.97,TRUE,TRUE
421,STT,2025-01-14,95.44,95.85,96.82,97.49,95.5,91.48,83.15,FALSE,FALSE
422,STX,2025-01-14,91.23,89.46,88.48,92.43,96.94,99.61,97.15,TRUE,TRUE
423,STZ,2025-01-14,182.2,197.54,209.58,226.07,231.76,237.71,244.56,TRUE,TRUE
424,SW,2025-01-14,52.93,52.18,52.76,53.57,51.99,49.62,31.87,FALSE,FALSE
425,SWK,2025-01-14,82.36,81.31,81,82.69,87.82,93.76,90.56,TRUE,TRUE
426,SWKS,2025-01-14,91.57,91.48,90.27,89.42,89.2,93.35,97.1,TRUE,TRUE
427,SYF,2025-01-14,66.06,65.4,65.68,66.46,63.64,57.93,51.29,FALSE,FALSE
428,SYK,2025-01-14,362.8,361.74,361.18,370.41,371.79,366.09,350.46,TRUE,FALSE
429,SYY,2025-01-14,73.94,74.13,74.78,77.05,76.04,75.92,74.47,TRUE,TRUE
430,T,2025-01-14,21.8,21.77,22.09,22.61,22.35,21.69,19.52,FALSE,FALSE
431,TAP,2025-01-14,54.19,54.24,55.38,58.54,58.25,56.77,55.82,TRUE,TRUE
432,TDG,2025-01-14,1300.73,1275.15,1270.39,1271.21,1295.78,1302.7,1253.76,TRUE,FALSE
433,TDY,2025-01-14,465.93,460.77,460.64,469.35,469.42,454.93,427.09,FALSE,FALSE
434,TECH,2025-01-14,74.73,74.88,73.83,74.4,73.35,73.73,73.94,FALSE,FALSE
435,TEL,2025-01-14,142.9,142.49,142.47,146.81,148.64,148.31,147.76,TRUE,TRUE
436,TER,2025-01-14,134.18,135.51,132.73,125.54,118.12,122.97,126.74,FALSE,FALSE
437,TFC,2025-01-14,43.91,43.55,43.6,44.76,44.76,43.74,40.99,FALSE,FALSE
438,TFX,2025-01-14,179.17,178.01,178.64,181.24,195.26,213.76,214.18,TRUE,TRUE
439,TGT,2025-01-14,136.47,138.87,137.68,134.4,140.02,145.21,147.83,TRUE,TRUE
440,TJX,2025-01-14,119.24,120.2,120.56,123.21,120.29,118.9,111.44,FALSE,FALSE
441,TMO,2025-01-14,556.99,549.08,537.63,530.94,538.38,566.28,569.71,TRUE,TRUE
442,TMUS,2025-01-14,214.18,213.36,215.92,226.3,228.49,218.21,195.25,TRUE,FALSE
443,TPL,2025-01-14,1328.31,1292.81,1229.52,1254.64,1276.27,1124.17,903.16,FALSE,FALSE
444,TPR,2025-01-14,67.66,67.49,66.87,64.58,57.91,51.99,46.27,FALSE,FALSE
445,TRGP,2025-01-14,201.38,194.39,188.36,186.56,184.63,171.14,146.67,FALSE,FALSE
446,TRMB,2025-01-14,71.56,71.32,70.91,72.42,69.61,65.22,60.97,FALSE,FALSE
447,TROW,2025-01-14,112.11,111.45,112.67,117.03,116.07,111.92,111.39,FALSE,FALSE
448,TRV,2025-01-14,236.93,237.43,239.3,245.68,250.49,243.09,227.23,TRUE,FALSE
449,TSCO,2025-01-14,53.18,54.12,53.42,54.98,54.96,55.1,52.98,TRUE,FALSE
450,TSLA,2025-01-14,396.36,396.74,400.57,408.83,348.92,301.82,247.79,FALSE,FALSE
451,TSN,2025-01-14,55.46,55.28,56.41,59.39,59.9,60.31,59.07,TRUE,TRUE
452,TT,2025-01-14,382.71,380.57,378.15,389.99,395.34,386.13,354.27,TRUE,FALSE
453,TTWO,2025-01-14,180.03,180.58,183.23,185.47,178.8,169.12,159.89,FALSE,FALSE
454,TXN,2025-01-14,193.5,191.72,190.37,191.48,197.87,199.82,193.35,TRUE,FALSE
455,TXT,2025-01-14,78.04,76.45,76.22,79.21,82.11,84.35,86.57,TRUE,TRUE
456,TYL,2025-01-14,570.27,566.15,572.11,599.28,602.95,595.3,543.64,TRUE,FALSE
457,UAL,2025-01-14,107.67,104.88,100.94,98.67,91.63,75.85,62.03,FALSE,FALSE
458,UBER,2025-01-14,64.84,65.51,64.27,64.18,69.24,71.33,70.27,TRUE,TRUE
459,UDR,2025-01-14,41.19,40.74,41.51,43.06,43.4,43.63,41.01,TRUE,FALSE
460,UHS,2025-01-14,184.16,185.83,182.66,186.43,197.82,210.44,197.83,TRUE,TRUE
461,ULTA,2025-01-14,404.06,413.93,423.18,420.33,395.22,388.45,391.46,FALSE,FALSE
462,UNH,2025-01-14,543.74,528.87,518.92,531.37,556.9,567.47,537.08,TRUE,FALSE
463,UNP,2025-01-14,229.38,228.74,229.02,231.15,233.93,238.53,235.41,TRUE,TRUE
464,UPS,2025-01-14,125.84,125.17,124.92,126.96,129.83,129.43,132.53,TRUE,TRUE
465,URI,2025-01-14,729.86,689.07,692.49,755.47,796.15,783.36,728.77,TRUE,FALSE
466,USB,2025-01-14,49.06,48.41,48.31,49.41,49.39,47.48,43.89,FALSE,FALSE
467,V,2025-01-14,309.09,309.6,312.17,313.8,306.46,295.05,282.18,FALSE,FALSE
468,VICI,2025-01-14,28.97,28.8,29.02,29.88,30.75,31.42,29.86,TRUE,TRUE
469,VLO,2025-01-14,134.06,128.75,125.55,127.19,131.26,133.66,144.41,FALSE,TRUE
470,VLTO,2025-01-14,102.37,101.45,101.36,103.64,104.65,107.06,102.34,TRUE,FALSE
471,VMC,2025-01-14,260.07,255.01,256.05,268.87,271.83,260.46,257.85,TRUE,FALSE
472,VRSK,2025-01-14,273.49,274.31,274.54,280.36,279.25,275.03,264.28,TRUE,FALSE
473,VRSN,2025-01-14,209,209.31,208,199.82,191.31,188.38,183.39,FALSE,FALSE
474,VRTX,2025-01-14,411.66,411,407.24,433.34,455.1,462.61,457.21,TRUE,TRUE
475,VST,2025-01-14,170.51,164.71,157.75,150.43,143.78,127.02,104.46,FALSE,FALSE
476,VTR,2025-01-14,58.1,57.77,57.9,59.3,61.7,61.87,55.3,TRUE,FALSE
477,VTRS,2025-01-14,11.72,11.83,12.06,12.47,12.36,12.01,11.48,TRUE,FALSE
478,VZ,2025-01-14,38.28,38.14,38.69,40.14,40.72,41.23,39.95,TRUE,TRUE
479,WAB,2025-01-14,198.1,191.84,191.14,195.97,195.05,186.77,172.88,FALSE,FALSE
480,WAT,2025-01-14,404.93,387.28,379.54,379.04,369.93,359.14,338.74,FALSE,FALSE
481,WBA,2025-01-14,12.24,10.96,10.15,9.67,9.34,9.15,11.61,FALSE,FALSE
482,WBD,2025-01-14,9.73,9.97,10.3,10.68,9.73,8.98,8.45,FALSE,FALSE
483,WDAY,2025-01-14,246.03,249.22,252.5,262.94,257.74,253.96,244.55,TRUE,FALSE
484,WDC,2025-01-14,62.74,63.3,62.74,65.35,66.18,65.75,68.67,TRUE,TRUE
485,WEC,2025-01-14,94.58,93.96,93.8,95.38,96.48,95.46,88.05,TRUE,FALSE
486,WELL,2025-01-14,126.87,125.62,125.36,127.89,131.26,128.62,114.9,TRUE,FALSE
487,WFC,2025-01-14,71.19,70.97,70.9,71.63,70.49,64.73,61.16,FALSE,FALSE
488,WM,2025-01-14,207.17,206.38,203.99,210.58,213.9,211.3,208.98,TRUE,TRUE
489,WMB,2025-01-14,58.06,56.31,55.81,55.06,54.77,51.21,45.68,FALSE,FALSE
490,WMT,2025-01-14,90.79,91.59,91.11,92.72,88.52,84.59,74.79,FALSE,FALSE
491,WRB,2025-01-14,58.59,57.64,57.84,59.58,59.57,58.7,55.81,TRUE,FALSE
492,WST,2025-01-14,328.96,333.95,332.28,328.45,321.44,313.1,325.06,FALSE,FALSE
493,WTW,2025-01-14,313.24,312.11,311.11,314.13,309.34,301.45,281.27,FALSE,FALSE
494,WY,2025-01-14,28.96,28.12,28.15,29.3,30.33,30.96,30.55,TRUE,TRUE
495,WYNN,2025-01-14,81.8,81.58,83.16,89.2,91.02,89.21,89.6,TRUE,TRUE
496,XEL,2025-01-14,64.08,64.62,65.47,67.37,67.04,65.2,59.55,TRUE,FALSE
497,XOM,2025-01-14,109.72,108.25,107.75,109.79,114.35,115.08,114.62,TRUE,TRUE
498,XYL,2025-01-14,115.42,115.35,115.9,120.24,123.1,127.2,130.83,TRUE,TRUE
499,YUM,2025-01-14,124.71,125.6,129.28,133.91,133.93,133.96,133.96,TRUE,TRUE
500,ZBH,2025-01-14,104.71,103.88,104.29,106.65,107.27,107.3,110.73,TRUE,TRUE
501,ZBRA,2025-01-14,394.4,390.95,389.58,396.99,391.27,376.51,344.38,FALSE,FALSE
502,ZTS,2025-01-14,164.41,164.51,163.96,169.51,174.39,180.35,175.53,TRUE,TRUE
